date,open,high,low,close,volume,Name
4/14/2021,381,429.5400085,310,328.2799988,81065700,COIN
4/15/2021,348.8999939,349.2000122,317.269989,322.75,39777900,COIN
4/16/2021,327.5,345.9899902,321.0299988,342,22654500,COIN
4/19/2021,337.2600098,341.0100098,326.7900085,333,11405600,COIN
4/20/2021,333.4299927,334.8299866,312.019989,320.8200073,18082300,COIN
4/21/2021,312.519989,327.4700012,302.1000061,311.9200134,10103900,COIN
4/22/2021,305.7600098,313.5,287.2000122,293.4500122,14991900,COIN
4/23/2021,282.75,303,282.0700073,291.6000061,9853800,COIN
4/26/2021,304.2900085,306.1000061,296.8999939,304.5400085,6330200,COIN
4/27/2021,306.7000122,306.7000122,299.5,302,3902000,COIN
4/28/2021,301.0100098,302.8999939,298.0499878,298.0499878,2746100,COIN
4/29/2021,298.4500122,300,292.1000061,294.769989,2845800,COIN
4/30/2021,293,302.7399902,291,297.6400146,3997400,COIN
5/3/2021,304,305.0299988,293.9400024,294.2099915,3333800,COIN
5/4/2021,292.0599976,292.1900024,275.6099854,280.6600037,5707700,COIN
5/5/2021,284.9500122,289.1499939,269,273,5074600,COIN
5/6/2021,271.1499939,272.1400146,250.5099945,256.7600098,8342000,COIN
5/7/2021,261.1499939,267.0700073,258.3800049,263.7000122,4243700,COIN
5/10/2021,266.3999939,297.5,259.3699951,293.4500122,10268600,COIN
5/11/2021,281.0499878,303.3200073,276.5100098,303,7456000,COIN
5/12/2021,299.5400085,306.980011,280.7900085,283.6099854,7214200,COIN
5/13/2021,276.4599915,285,252.2599945,265.1000061,11226800,COIN
5/14/2021,280.3699951,280.6400146,256.3500061,258.3699951,11751800,COIN
5/17/2021,250,250.25,238.25,248.2400055,8828100,COIN
5/18/2021,238.8300018,252.1699982,238.5,239,7852100,COIN
5/19/2021,212.9299927,229,208,224.8000031,16766000,COIN
5/20/2021,236.1000061,238.8000031,226.2599945,233.3999939,10386900,COIN
5/21/2021,235.9700012,238.9700012,223.8999939,224.3500061,7554900,COIN
5/24/2021,227.2799988,231,224.0399933,225.3000031,10185600,COIN
5/25/2021,230,243.9900055,228,242.4100037,11827800,COIN
5/26/2021,247.5,249.3899994,239.3699951,241.5200043,6602800,COIN
5/27/2021,245.2100067,247.2400055,240.3200073,247.0899963,5083300,COIN
5/28/2021,243.5700073,244.6300049,236.5399933,236.5399933,5091500,COIN
6/1/2021,238.5099945,244.7100067,238.1000061,238.9299927,3962700,COIN
6/2/2021,242.8000031,243.8999939,238.7100067,240.4799957,3383800,COIN
6/3/2021,241.3899994,241.5,233.5,233.6600037,3091100,COIN
6/4/2021,229.9900055,233.3600006,227.5,228.7899933,3775100,COIN
6/7/2021,229.9199982,232.5599976,226.5,231.4499969,2658300,COIN
6/8/2021,227.1600037,229.3300018,217.3999939,220.6600037,6015800,COIN
6/9/2021,222.8000031,229.7899933,217.3999939,224.3200073,6865900,COIN
6/10/2021,226.2200012,229.7899933,221.4700012,221.8500061,3955300,COIN
6/11/2021,223.5,225.7400055,221.9600067,223.9199982,2383500,COIN
6/14/2021,231.2700043,239.7599945,229.7599945,239.1000061,6151700,COIN
6/15/2021,236.2299957,237.6699982,230.9600067,232.2100067,3007900,COIN
6/16/2021,231.3999939,234.6799927,226.2799988,228.0500031,2874800,COIN
6/17/2021,226.8800049,233.2299957,226.3500061,230.6600037,2589600,COIN
6/18/2021,226.9199982,232.6900024,226.5,229.2899933,3265200,COIN
6/21/2021,223.1399994,224.9900055,218.7700043,222.6000061,4687600,COIN
6/22/2021,216.25,223.1499939,210.7700043,222.4700012,6206100,COIN
6/23/2021,225.5399933,230.5200043,224.5,226.0099945,3394700,COIN
6/24/2021,228.4600067,230.0399933,226.6699982,229.9299927,2857700,COIN
6/25/2021,226.9700012,227.8200073,223.2200012,224.5399933,2507000,COIN
6/28/2021,227.6399994,248.0599976,226.1300049,246.6900024,7449000,COIN
6/29/2021,250.1999969,261.1499939,250.0099945,254.8999939,7867600,COIN
6/30/2021,248.3000031,254.6699982,247,253.3000031,4143500,COIN
7/1/2021,251.0899963,255.1499939,240.5299988,241.4400024,3611300,COIN
7/2/2021,242,246.8000031,238.8800049,240.7200012,2325000,COIN
7/6/2021,243,243,234.0200043,235.4100037,2212600,COIN
7/7/2021,238.9600067,252.9900055,232.3399963,251.9700012,4804400,COIN
7/8/2021,239,246.6000061,233.6100006,244.2899933,4350000,COIN
7/9/2021,245,256.9899902,244.2100067,253.8800049,4457400,COIN
7/12/2021,254,254.8899994,246.8300018,247.6699982,2222100,COIN
7/13/2021,245.5099945,249.1499939,242.9299927,243.3099976,3308000,COIN
7/14/2021,244.8999939,247.4499969,229.1600037,229.9400024,4808400,COIN
7/15/2021,229.9400024,234.4700012,220.3699951,224.6300049,3635900,COIN
7/16/2021,227.1999969,231.3000031,220.6600037,225.0099945,3373100,COIN
7/19/2021,216.9199982,221.8899994,213.2200012,220.6100006,3149300,COIN
7/20/2021,216.7100067,226.8899994,213.2299957,224.9600067,3104800,COIN
7/21/2021,231.6999969,237.1499939,229.1900024,230.8699951,3677400,COIN
7/22/2021,232,232.3200073,224.5,226.0800018,2551700,COIN
7/23/2021,226.2200012,227.3500061,222.7299957,224.9199982,1574700,COIN
7/26/2021,240.0800018,249.8000031,237.8800049,245.4499969,7615700,COIN
7/27/2021,243,243.2100067,229.1199951,235.0800018,5636400,COIN
7/28/2021,240.3000031,242.8699951,238.0299988,241.75,2065200,COIN
7/29/2021,241.7700043,245.1600037,235.3300018,235.7799988,2453100,COIN
7/30/2021,233.2799988,238.0700073,231.8999939,236.5800018,2041100,COIN
8/2/2021,237.2799988,240.3800049,233.8000031,235.3999939,2151300,COIN
8/3/2021,233.8699951,235.6900024,226.9100037,230.1799927,2850500,COIN
8/4/2021,231.0599976,245.4700012,229.8500061,244.3600006,3684700,COIN
8/5/2021,239.7599945,258.3099976,237.5899963,255.5,6017800,COIN
8/6/2021,255.5,263.8999939,250.2299957,258.2600098,5579900,COIN
8/9/2021,267.8500061,282.4299927,267.5,280.4700012,8892400,COIN
8/10/2021,280.6700134,281.5,264.25,269.6700134,7723400,COIN
8/11/2021,282.3399963,294,274.3500061,278.3999939,13998300,COIN
8/12/2021,266.3900146,267.75,255.1999969,256.5,8247800,COIN
8/13/2021,262.8200073,266.5,259.9700012,261.25,4472800,COIN
8/16/2021,265.2600098,265.4299927,253.6000061,256.8299866,3232200,COIN
8/17/2021,253.1399994,260.7399902,246.2299957,250.8000031,3102000,COIN
8/18/2021,249,254.3999939,243.7599945,244.3899994,2565000,COIN
8/19/2021,240.6000061,249.7700043,239.1900024,248.2400055,3247200,COIN
8/20/2021,252,260.6199951,251.4199982,257.3200073,4031100,COIN
8/23/2021,263.6700134,266.5,255,256,5705300,COIN
8/24/2021,256.9899902,260.25,253.1999969,259.2799988,3982800,COIN
8/25/2021,257,262.1099854,256,256.769989,2675100,COIN
8/26/2021,253.2100067,255.1999969,248.5,248.5399933,3038900,COIN
8/27/2021,249.3899994,259.6700134,248.0899963,259.1199951,3201400,COIN
8/30/2021,256.3500061,263.3399963,256.25,262.6600037,2687600,COIN
8/31/2021,260.019989,263.3999939,257.1799927,259,2493800,COIN
9/1/2021,260.3099976,272.1000061,258.6300049,265.8999939,4789600,COIN
9/2/2021,272.5400085,275.6600037,266,268.1799927,3733200,COIN
9/3/2021,272,280.6099854,270.0299988,278.4400024,4425700,COIN
9/7/2021,277,278.8699951,262.6000061,266.8099976,5173000,COIN
9/8/2021,257,262.9500122,253.8800049,258.2000122,4507600,COIN
9/9/2021,260.2999878,263.8099976,255.6999969,256.4200134,3074500,COIN
9/10/2021,257.3099976,258.8699951,247.3999939,248.3200073,3191300,COIN
9/13/2021,246.5099945,251.8800049,239.6000061,242.8399963,4021400,COIN
9/14/2021,247.25,248.7899933,241.2700043,243,2748900,COIN
9/15/2021,244,249.4700012,242.0500031,247.0700073,2148300,COIN
9/16/2021,247.3800049,247.4600067,239.6100006,243.2100067,2596800,COIN
9/17/2021,243.1300049,245.6300049,238.75,245.1900024,2948000,COIN
9/20/2021,234.4499969,237.3600006,231.1499939,236.5299988,4192600,COIN
9/21/2021,237.0099945,240.2599945,234.2599945,238.4600067,2174700,COIN
9/22/2021,239.9100037,243.1999969,237.7599945,241.8500061,1660200,COIN
9/23/2021,244.5700073,245.8000031,237.0700073,237.5,3151300,COIN
9/24/2021,231,235.3099976,229.1699982,231.8200073,3700000,COIN
9/27/2021,231.8800049,233.3999939,227.3500061,232.2400055,3234800,COIN
9/28/2021,229.6799927,232.5099945,227.5200043,229.8399963,3231200,COIN
9/29/2021,231,233.7700043,225.0399933,225.2799988,2547300,COIN
9/30/2021,227,229.9900055,225.2799988,227.4799957,2514700,COIN
10/1/2021,232.8899994,235.7599945,226.9299927,231.1499939,3457300,COIN
10/4/2021,231.4900055,233.1000061,224.5099945,229.3099976,2591100,COIN
10/5/2021,231.3500061,240.0899963,230.7899933,240.0899963,2994400,COIN
10/6/2021,242.3999939,252.1399994,242.1999969,250.3800049,5747700,COIN
10/7/2021,248,253,245.6499939,251.5899963,3213200,COIN
10/8/2021,253.5299988,256.1799927,246.8999939,248.1399994,2873700,COIN
10/11/2021,249.5700073,263.1900024,248.4900055,256.5,4945300,COIN
10/12/2021,254.2599945,256.3699951,246.0800018,249.3300018,3971900,COIN
10/13/2021,246.5,249.7299957,244.5599976,246.7799988,2878000,COIN
10/14/2021,250.8999939,262.9500122,249.1000061,260,6299100,COIN
10/15/2021,266.6000061,281.7200012,266.5299988,280.6099854,9517500,COIN
10/18/2021,275.7399902,296.980011,271.5,293.3399963,11789600,COIN
10/19/2021,300,307.8500061,294.1099854,305.6300049,14785700,COIN
10/20/2021,306.6600037,317.3699951,303.9599915,314.7099915,10315300,COIN
10/21/2021,311.9599915,317.1799927,298,300.0100098,8289200,COIN
10/22/2021,302,306,293.6199951,300.8399963,5437300,COIN
10/25/2021,306.7600098,327,305.1099854,325.5400085,8444900,COIN
10/26/2021,328.1499939,328.480011,315.5100098,319.4899902,7635800,COIN
10/27/2021,309.3299866,320.2799988,306.5,311.6700134,5253300,COIN
10/28/2021,319.8099976,327.7200012,311,319.1300049,5952300,COIN
10/29/2021,319.3200073,326.5,316.1400146,319.4200134,3766400,COIN
11/1/2021,324.769989,338.4299927,323.8999939,330.9899902,6255900,COIN
11/2/2021,336.3299866,345.25,332.1400146,336.3399963,6104700,COIN
11/3/2021,335.2600098,344.4700012,328.3099976,344.3800049,4809800,COIN
11/4/2021,340.7399902,345.8500061,333.8800049,344.4500122,5893700,COIN
11/5/2021,345.230011,345.230011,333.4400024,337.0499878,3527600,COIN
11/8/2021,349.5,363.1700134,345.5599976,353.9200134,8531100,COIN
11/9/2021,367.3900146,368.8999939,345.0599976,357.3900146,10153700,COIN
11/10/2021,327.2200012,348.980011,320,328.6000061,15168900,COIN
11/11/2021,327.4299927,342.4899902,327,336.3900146,4905800,COIN
11/12/2021,339.25,344,332.5599976,342.980011,4469900,COIN
11/15/2021,345.1000061,355.2000122,339.0299988,345.3599854,4465700,COIN
11/16/2021,333.1400146,347.3999939,331.5799866,342.1199951,4128100,COIN
11/17/2021,342.0299988,348.4899902,338.1799927,346.519989,3772100,COIN
11/18/2021,343,344.8399963,323.4100037,323.5700073,5408800,COIN
11/19/2021,325.5599976,339.4100037,325.3999939,332.5499878,3680400,COIN
11/22/2021,333.3299866,335.8999939,310.6700134,315.480011,5013600,COIN
11/23/2021,312.5,319.7000122,304.6000061,317.2000122,3465000,COIN
11/24/2021,309.3800049,316.3200073,305.8800049,312.3800049,2759800,COIN
11/26/2021,301.2999878,307.9200134,299.1499939,303.1900024,2678700,COIN
11/29/2021,312.2200012,321.5799866,306.75,319.3900146,4159700,COIN
11/30/2021,320.75,331.7000122,310.980011,315,7168400,COIN
12/1/2021,318.6000061,323,293.7000122,294.5,4267500,COIN
12/2/2021,295.1600037,305.3200073,283.8200073,284.7099915,4625100,COIN
12/3/2021,286,286,258.1600037,265.6499939,7271100,COIN
12/6/2021,253.1300049,267.230011,244.4600067,263.2399902,5366400,COIN
12/7/2021,277.6499939,290.1900024,274.9100037,286.4200134,4648200,COIN
12/8/2021,284.4400024,290,278.2900085,287.480011,2495900,COIN
12/9/2021,284.9700012,284.9899902,258.9200134,263.9100037,5394600,COIN
12/10/2021,266.2999878,269.1900024,250.1499939,255.7599945,5062100,COIN
12/13/2021,252.1399994,256.5,244.8000031,251.3699951,3410400,COIN
12/14/2021,247.2799988,260.5,243.5,255.8600006,3866600,COIN
12/15/2021,254.4900055,261.1700134,242.2599945,258.2999878,4623500,COIN
12/16/2021,264.4599915,268.2600098,244.6300049,247.1699982,3346600,COIN
12/17/2021,240,250.4799957,236,243.3500061,4420300,COIN
12/20/2021,236.5599976,239.3699951,231.7700043,238.0500031,3572200,COIN
12/21/2021,244.1499939,248.1199951,239.5899963,247.6900024,2776500,COIN
12/22/2021,248.5099945,254.7899933,245.6399994,254.5500031,3779100,COIN
12/23/2021,256.5599976,269.3099976,253.5,268.1499939,4106100,COIN
12/27/2021,270.2600098,281.9899902,270.2000122,280.269989,4448900,COIN
12/28/2021,270,270.980011,259.6900024,261.3299866,4372800,COIN
12/29/2021,256.6700134,263.0100098,251.3699951,252.6000061,3474300,COIN
12/30/2021,252.6000061,260,252.0399933,256.7900085,2887600,COIN
12/31/2021,255.8099976,259.2099915,251.5200043,252.3699951,2360300,COIN
1/3/2022,256.269989,261.6300049,250.6399994,251.0500031,3350900,COIN
1/4/2022,253.0500031,258.8099976,244.1399994,250.1499939,3652600,COIN
1/5/2022,247.7200012,248.6900024,232.8600006,234.2299957,5196300,COIN
1/6/2022,233.1900024,235.9799957,224.8800049,234,5236000,COIN
1/7/2022,233.6300049,238.4799957,227.5899963,232.3300018,3312000,COIN
1/10/2022,224.4299927,225.2599945,214.6399994,225.0099945,6800800,COIN
1/11/2022,225.5,238,222.1799927,237.2299957,5585600,COIN
1/12/2022,242.1100006,246.2700043,234.4199982,234.6999969,3937000,COIN
1/13/2022,241.9900055,242.8699951,227.1900024,228.2299957,3814100,COIN
1/14/2022,226.6199951,232,222.3000031,230.0299988,4325600,COIN
1/18/2022,226.8200073,227.1900024,219.6000061,222,3483000,COIN
1/19/2022,224.25,227.1699982,218.8200073,219.5,2976700,COIN
1/20/2022,222.3000031,232,220.8399963,221.6199951,3691200,COIN
1/21/2022,209.9799957,210.1900024,186.8600006,191.9700012,13628300,COIN
1/24/2022,173.1799927,191.8600006,162.5099945,191.4799957,12978700,COIN
1/25/2022,185.1699982,193.1199951,177.1499939,185.6300049,6271300,COIN
1/26/2022,193.6000061,198.0500031,177,178.6399994,7566300,COIN
1/27/2022,182.0299988,182.75,168.5800018,170.1999969,5551900,COIN
1/28/2022,169.1000061,181.75,162.1999969,177.5800018,6475800,COIN
1/31/2022,177.8699951,192,175.0299988,190.1499939,4060500,COIN
2/1/2022,197.9700012,201.4499969,188.6199951,197.7299957,5159000,COIN
2/2/2022,195.8099976,197,181.7299957,187.3699951,3861700,COIN
2/3/2022,182.2599945,189.3000031,179,181.3099976,3417000,COIN
2/4/2022,181.0200043,197,177.4499969,194.4400024,4397900,COIN
2/7/2022,198.6999969,211.1100006,198.1999969,205.7400055,6668300,COIN
2/8/2022,200.3699951,209.25,196.75,208.7299957,4639100,COIN
2/9/2022,210.1799927,215.25,207.6100006,214.5,3811700,COIN
2/10/2022,210.5700073,217.4900055,202.8600006,204.7700043,4587400,COIN
2/11/2022,205.8000031,205.9799957,191.0200043,194.5299988,5054200,COIN
2/14/2022,193.4799957,203.5599976,193.4600067,195.25,4528100,COIN
2/15/2022,202.3099976,209.3099976,201.1799927,208.9499969,3714300,COIN
2/16/2022,205.3800049,214.0200043,203.8300018,207.9600067,3593600,COIN
2/17/2022,202.1000061,206.3099976,188.9299927,191.9199982,4740600,COIN
2/18/2022,191.0800018,192.7200012,180.5399933,189.1600037,4502200,COIN
2/22/2022,180.8699951,185.75,173.1600037,176.7599945,4472800,COIN
2/23/2022,180.6900024,183.3399963,171.7700043,172.7400055,3892500,COIN
2/24/2022,159.0800018,183,155.9199982,179.5599976,8134000,COIN
2/25/2022,180.2400055,182.0899963,170.3999939,176.8300018,6836800,COIN
2/28/2022,172.5,192.2299957,172.0899963,190.7700043,8036300,COIN
3/1/2022,196.2799988,205.8800049,189.6300049,196.1699982,7779200,COIN
3/2/2022,192.2599945,196.1499939,189.5099945,194.5,3414100,COIN
3/3/2022,194.7100067,194.9199982,177.1499939,178.0299988,3734400,COIN
3/4/2022,177.6100006,178.6600037,162.1600037,165.75,5848700,COIN
3/7/2022,168.25,172.9799957,160.2299957,161.1399994,4424000,COIN
3/8/2022,160.1000061,168.3500061,156.5299988,161.9900055,3840800,COIN
3/9/2022,174.2599945,181.4499969,173.5099945,178.9700012,4945200,COIN
3/10/2022,173.1399994,174.4900055,168.1000061,172.9700012,2670600,COIN
3/11/2022,175.3500061,175.75,160,160.0700073,3660500,COIN
3/14/2022,159.9900055,161.6999969,150.4199982,153.1900024,4450000,COIN
3/15/2022,152.8999939,156.4199982,150.1199951,155.9799957,4245400,COIN
3/16/2022,160.4700012,173.0700073,160,172.5299988,5974300,COIN
3/17/2022,170.7299957,177.5,168,177.2200012,2975900,COIN
3/18/2022,175.0299988,186.6900024,175,185.9400024,4835700,COIN
3/21/2022,181.8000031,183.5899963,171.6999969,176.8099976,4214000,COIN
3/22/2022,180.5,188.8099976,178.5,186.0800018,4086100,COIN
3/23/2022,184.7200012,189.5500031,181.8000031,183.1100006,2311900,COIN
3/24/2022,185.2599945,192,179.5,190.1900024,3536500,COIN
3/25/2022,192,195.6999969,182.8000031,186.7100067,3598300,COIN
3/28/2022,193.3099976,203.2700043,193.0099945,201.4100037,6624000,COIN
3/29/2022,198.9499969,206.7899933,194.0500031,204.5299988,4811500,COIN
3/30/2022,201.2899933,206.3300018,194.7599945,196.6999969,3775900,COIN
3/31/2022,197.25,198.0800018,189.5599976,189.8600006,2999200,COIN
4/1/2022,189.8600006,191.8699951,184.3899994,186.9600067,2975900,COIN
4/4/2022,187.3399963,193.0700073,186.1600037,191.6499939,2488800,COIN
4/5/2022,189.7599945,191.3300018,176.2599945,177.1699982,5012800,COIN
4/6/2022,172.8300018,174.3300018,165.0099945,166.8399963,4675300,COIN
4/7/2022,166.7100067,169.4199982,160.6799927,166.1900024,3093600,COIN
4/8/2022,165.2100067,166,160.1300049,160.9400024,2951000,COIN
4/11/2022,156.5700073,157.5599976,151.7299957,153.8699951,4305800,COIN
4/12/2022,158.0700073,162.4400024,149.4100037,149.8500061,4654400,COIN
4/13/2022,149.0299988,156.1600037,147.8000031,154.7899933,3740500,COIN
4/14/2022,153.5399933,154,146.8200073,147.2899933,4082200,COIN
4/18/2022,145.4499969,149.5,140.5299988,145.1600037,4668700,COIN
4/19/2022,146.0200043,152.1000061,144.4499969,151.2700043,2916000,COIN
4/20/2022,154.9299927,154.9600067,144.8500061,147.1300049,3486000,COIN
4/21/2022,151.9700012,153.4400024,135.3099976,137.3200073,6252900,COIN
4/22/2022,137.2899933,141.1999969,131.25,131.5200043,5162200,COIN
4/25/2022,130.0099945,137.3500061,129.2899933,135.1399994,4066500,COIN
4/26/2022,135.3099976,136.7700043,126.5199966,127.1500015,3717600,COIN
4/27/2022,125.2799988,130.7100067,121.9800034,122.5500031,4658500,COIN
4/28/2022,123.6900024,126.3899994,113.3199997,122.6900024,8070900,COIN
4/29/2022,121.0999985,129.0899963,112.1399994,112.7099991,5760900,COIN
5/2/2022,113.0699997,122.2900009,111.8000031,121.3399963,6229400,COIN
5/3/2022,120.2300034,129.3999939,119.9700012,123.5599976,5053200,COIN
5/4/2022,124,132.8099976,116.1999969,130.1499939,6492800,COIN
5/5/2022,125,125.6399994,112.0500031,114.25,7324400,COIN
5/6/2022,112.5,112.5,100.25,103.7399979,9026500,COIN
5/9/2022,96,96.43000031,81.77999878,83.51000214,16845400,COIN
5/10/2022,87,89.37999725,70.19000244,72.98999786,31780000,COIN
5/11/2022,54.84999847,61.27999878,50.15000153,53.72000122,67080200,COIN
5/12/2022,48.54000092,60.29999924,40.83000183,58.5,58789000,COIN
5/13/2022,69.26000214,74.25,65.5,67.87000275,38264800,COIN
5/16/2022,68.05999756,68.08000183,60.50999832,61.70000076,18685900,COIN
5/17/2022,66.19999695,70.5,63.11000061,70,15868000,COIN
5/18/2022,67.69000244,71.80999756,61.93999863,63.02999878,17422700,COIN
5/19/2022,65,70.98999786,63.61000061,67.41999817,15410100,COIN
5/20/2022,69.37000275,70.73999786,62.04999924,66.15000153,15166300,COIN
5/23/2022,65.54000092,68.65000153,62.34999847,66.09999847,12055700,COIN
5/24/2022,64.55999756,64.55999756,59.11999893,61.36000061,10714900,COIN
5/25/2022,61.06999969,68.5,60.99000168,67.16999817,11062000,COIN
5/26/2022,63.97000122,71.16999817,62.29999924,69.87000275,12000200,COIN
5/27/2022,69.83999634,77.18000031,69.83999634,75.31999969,14112800,COIN
5/31/2022,80,83.31999969,75.59999847,78.09999847,22623200,COIN
6/1/2022,77.5,77.80000305,67.80000305,68.62999725,14608500,COIN
6/2/2022,67.80000305,74.48000336,67.27999878,73.81999969,8607200,COIN
6/3/2022,69.38999939,70.5,65.61000061,66.69000244,10213600,COIN
6/6/2022,70.76000214,74.11000061,68.43000031,70.66999817,9352400,COIN
6/7/2022,67.30999756,69.97000122,64.36000061,69.56999969,8485100,COIN
6/8/2022,69.23000336,72.98000336,68.30000305,69.19999695,6276600,COIN
6/9/2022,69.08000183,69.37999725,63.11999893,63.75999832,9349300,COIN
6/10/2022,60,61.63000107,57.77000046,58.70999908,10982600,COIN
6/13/2022,46.18000031,54.29999924,46,52.00999832,28961400,COIN
6/14/2022,52.5,53.29000092,48.81000137,51.58000183,17430300,COIN
6/15/2022,50.93999863,56.65999985,50.45000076,55.00999832,16340100,COIN
6/16/2022,52.58000183,54.43000031,50.08000183,51.04999924,13157700,COIN
6/17/2022,50.11999893,52.79999924,49.27999878,51.22000122,11771000,COIN
6/21/2022,54.20000076,60.75,54.09999847,57.49000168,16916200,COIN
6/22/2022,53.86999893,56.75,51.56999969,51.90999985,18947700,COIN
6/23/2022,53.59999847,59.61999893,51.83000183,58.88000107,15840700,COIN
6/24/2022,60,64.08999634,59.33000183,62.70999908,24381400,COIN
6/27/2022,59.56000137,60.45000076,55.02000046,55.95999908,15201600,COIN
6/28/2022,56.25999832,57.25,50.33000183,51.18000031,10253500,COIN
6/29/2022,50.5,51.45999908,48.59000015,49.75,9776200,COIN
6/30/2022,48.20000076,48.40000153,44.15000153,47.02000046,12934400,COIN
7/1/2022,47.99000168,50.15999985,47.52000046,49.04000092,8556500,COIN
7/5/2022,48.13000107,55.81999969,45.95000076,55.40999985,13087900,COIN
7/6/2022,54.16999817,56.27000046,51.40000153,51.70999908,11881900,COIN
7/7/2022,52.13999939,57.65000153,52.13999939,57.45999908,12318500,COIN
7/8/2022,55.61000061,63.70000076,54.50999832,60.29000092,17950500,COIN
7/11/2022,57.54000092,58.43000031,53.29999924,53.88000107,10705800,COIN
7/12/2022,53.70000076,56.11000061,52.61999893,54.24000168,8466200,COIN
7/13/2022,51.68000031,54.72999954,50.40000153,53.09999847,9439900,COIN
7/14/2022,52.34000015,54.70999908,50.34000015,53.41999817,9682100,COIN
7/15/2022,54.34999847,56.54999924,51.93000031,53.79000092,10714300,COIN
7/18/2022,56.70999908,63.38000107,56.68999863,58.66999817,21226200,COIN
7/19/2022,60.86000061,65.98000336,57.77999878,65.83000183,19210600,COIN
7/20/2022,67.08000183,79,67.05000305,75.26999664,34032000,COIN
7/21/2022,71,76.62000275,70.27999878,73.98000336,17301200,COIN
7/22/2022,76.19999695,76.56999969,69.08999634,70.81999969,12013300,COIN
7/25/2022,68.93000031,69.98000336,66.30000305,67.06999969,8797600,COIN
7/26/2022,61.68999863,62.88999939,52.63000107,52.93000031,26875800,COIN
7/27/2022,54.86999893,60.61000061,53.11999893,58.83000183,18230200,COIN
7/28/2022,58.24000168,62.95000076,55.59000015,62.25,13674800,COIN
7/29/2022,60.13999939,64.23000336,59.77000046,62.95999908,9113800,COIN
8/1/2022,61.18999863,63.61999893,59.41999817,62.70000076,7361300,COIN
8/2/2022,60.90999985,69.58999634,60.79999924,67.23000336,12142100,COIN
8/3/2022,69.05000305,82.25,67.61000061,80.80999756,24784200,COIN
8/4/2022,106.0999985,116.3000031,86.79000092,88.90000153,54342800,COIN
8/5/2022,86.58000183,98.87000275,86.51999664,93.05000305,24865700,COIN
8/8/2022,97.83999634,103.5500031,93.80999756,98.01999664,18878700,COIN
8/9/2022,93.88999939,93.88999939,85.59999847,87.68000031,17411400,COIN
8/10/2022,89.98000336,95,88,94.13999939,23818200,COIN
8/11/2022,97.25,98.69999695,82.30999756,84,23247300,COIN
8/12/2022,85.23000336,92.48000336,83.29000092,90.48999786,13755200,COIN
8/15/2022,89.11000061,93.68000031,88.58999634,91.97000122,11001900,COIN
8/16/2022,90.55000305,95.5,84.23999786,90.38999939,17034400,COIN
8/17/2022,87.51000214,88.63999939,84.76999664,85.44000244,10697900,COIN
8/18/2022,86.33000183,86.36000061,81.41999817,83.47000122,7923300,COIN
8/19/2022,76,78.25,74.01000214,74.05999756,13727900,COIN
8/22/2022,70.91000366,74.94000244,70.29000092,71.47000122,9082400,COIN
8/23/2022,71.94999695,76.41000366,70.59999847,71.18000031,9598300,COIN
8/24/2022,71.87999725,74.31999969,70.70999908,71.48000336,6675500,COIN
8/25/2022,71.83999634,72.44999695,68.51999664,71.37000275,8563500,COIN
8/26/2022,71.70999908,71.80000305,65.33999634,66.73999786,9797300,COIN
8/29/2022,65.51000214,69.40000153,65.45999908,66.33999634,7944100,COIN
8/30/2022,67.97000122,69.44999695,64.62999725,67.02999878,8293500,COIN
8/31/2022,68.69999695,70.37999725,66.66000366,66.80000305,6707900,COIN
9/1/2022,65.55000305,65.98999786,61.90999985,65.52999878,8046600,COIN
9/2/2022,67.70999908,68.13999939,63.81999969,65.26000214,6392800,COIN
9/6/2022,65.55999756,66.87999725,62.59999847,62.77999878,7478100,COIN
9/7/2022,62,68.76999664,61.83000183,68.25,8408400,COIN
9/8/2022,66.36000061,73.33000183,65.5,73.08000183,9241500,COIN
9/9/2022,78.19999695,81.04000092,75.15000153,80.87000275,15357100,COIN
9/12/2022,82.59999847,84.58000183,80.59999847,82.55000305,12554900,COIN
9/13/2022,75.33999634,78.08999634,74.34999847,75.25,11235300,COIN
9/14/2022,75.30000305,79.19999695,74.11000061,78.69999695,10840700,COIN
9/15/2022,77.62999725,82,76.62999725,77.23000336,10950100,COIN
9/16/2022,75.15000153,76.37000275,73.59999847,74,17089000,COIN
9/19/2022,71.87999725,72.54000092,67,69.93000031,13135300,COIN
9/20/2022,68.08999634,69.80000305,66.16999817,67.94000244,7974500,COIN
9/21/2022,68.90000153,72.23999786,67.43000031,67.63999939,12344600,COIN
9/22/2022,67.40000153,68.98000336,62.31000137,62.93999863,11156900,COIN
9/23/2022,61.56000137,63.15000153,59.43000031,61.88000107,10932900,COIN
9/26/2022,62.97999954,66.33000183,62.18000031,62.27999878,9562600,COIN
9/27/2022,65.29000092,67.55000305,61.88000107,63.04999924,11860500,COIN
9/28/2022,62.79999924,67.73999786,62.75999832,67.30999756,8482700,COIN
9/29/2022,64.62000275,65.02999878,60.25999832,61.93999863,11492100,COIN
9/30/2022,61.25,67.58999634,61.06999969,64.48999786,10210300,COIN
10/3/2022,64.94999695,67.86000061,61.91999817,65.94999695,10949200,COIN
10/4/2022,69.08999634,74.62999725,69.08000183,74.5,11881400,COIN
10/5/2022,71.80000305,73.48000336,69.27999878,72.97000122,9222700,COIN
10/6/2022,73.06999969,76.27999878,71.33999634,73.91000366,11103700,COIN
10/7/2022,70.84999847,71.09999847,65.5,67,11427900,COIN
10/10/2022,67.58000183,69.26000214,65.43000031,67.04000092,7714000,COIN
10/11/2022,67.61000061,72.69000244,65.02999878,70.16000366,17705600,COIN
10/12/2022,69.73999786,71.84999847,67.81999969,69.94999695,8998900,COIN
10/13/2022,63.65999985,69.62999725,61.06000137,69.26000214,18342000,COIN
10/14/2022,71.84999847,73.79000092,63.38000107,63.59000015,13711600,COIN
10/17/2022,66.48000336,70.94999695,66.33999634,69.16999817,11263300,COIN
10/18/2022,72.90000153,73.90000153,65.30000305,66.20999908,13874700,COIN
10/19/2022,64.81999969,66.88999939,62.54999924,63.18999863,8601100,COIN
10/20/2022,63.13999939,67.43000031,62.70000076,63.59000015,8938700,COIN
10/21/2022,63.40000153,66.62999725,61.70000076,66.37999725,9156400,COIN
10/24/2022,67.40000153,68.15000153,63.68000031,66.38999939,8111700,COIN
10/25/2022,67.01000214,75.40000153,66.95999908,75.05000305,14446900,COIN
10/26/2022,75.27999878,78.29000092,73.09999847,73.80999756,14102500,COIN
10/27/2022,74.51000214,75.65000153,71.51000214,72.47000122,5967600,COIN
10/28/2022,72,73.72000122,69.34999847,72.06999969,7372100,COIN
10/31/2022,72.37000275,74.65000153,66.15000153,66.25,10648400,COIN
11/1/2022,69,69.70999908,63.13000107,63.29000092,8238200,COIN
11/2/2022,63.40000153,66.20999908,60.54999924,60.70999908,12700900,COIN
11/3/2022,59.40000153,61.88000107,55.75,55.79999924,14238800,COIN
11/4/2022,60.40000153,63.43000031,56.40000153,58.81999969,18901400,COIN
11/7/2022,60,60.99000168,54.22000122,56.97000122,13659100,COIN
11/8/2022,54.5,58.45000076,47.68999863,50.83000183,61868200,COIN
11/9/2022,47.09000015,49.68999863,44.61999893,45.97999954,42274200,COIN
11/10/2022,51.04000092,53.93000031,49.02000046,50.91999817,30695400,COIN
11/11/2022,47.5,58.29000092,46.25,57.45999908,30584500,COIN
11/14/2022,55.70000076,55.74000168,52.59999847,53.22000122,16150900,COIN
11/15/2022,55,58,54.59999847,55.52999878,14805300,COIN
11/16/2022,52.83000183,54.02999878,48,48.83000183,24054700,COIN
11/17/2022,46.66999817,49.97000122,45.18000031,48.79000092,17974700,COIN
11/18/2022,48.79999924,49,44.31000137,45.25999832,20287300,COIN
11/21/2022,43.59999847,44.63999939,40.61000061,41.22999954,22382000,COIN
11/22/2022,42.34999847,44.40000153,41.61000061,43.38999939,20783100,COIN
11/23/2022,43.84999847,46.16999817,42.20999908,45.56999969,14665800,COIN
11/25/2022,44.75999832,45.24000168,43.70000076,44.27999878,6451500,COIN
11/28/2022,43.29999924,44.90000153,42.02000046,42.50999832,10497900,COIN
11/29/2022,42.90999985,44.65000153,42.70000076,43.11000061,9090600,COIN
11/30/2022,43.70999908,45.88000107,41.50999832,45.72999954,15562700,COIN
12/1/2022,45.81999969,47.18999863,44.43999863,45.27000046,11579400,COIN
12/2/2022,43.97000122,47.70000076,43.72999954,47.66999817,10372100,COIN
12/5/2022,47.97999954,49.84999847,45.63000107,46,11228300,COIN
12/6/2022,45.59999847,46.65000153,41.72999954,42.40999985,12156100,COIN
12/7/2022,41.88000107,43.20000076,40.54999924,41.25999832,10824500,COIN
12/8/2022,41.56000137,43.90000153,40.29999924,42.81000137,9361800,COIN
12/9/2022,41.59999847,42.31999969,40.15000153,40.24000168,10030200,COIN
12/12/2022,39.97999954,42.65000153,39.65000153,42.59999847,9962600,COIN
12/13/2022,46.00999832,46.33000183,38.5,38.68999863,20558300,COIN
12/14/2022,39.40999985,41.90000153,38.81999969,40.18999863,16117600,COIN
12/15/2022,38.95000076,39.59999847,37.43999863,37.97999954,12013400,COIN
12/16/2022,37.40000153,38.00999832,34.70999908,36.59999847,18247400,COIN
12/19/2022,35.97000122,36.68000031,34.50999832,35.16999817,11168300,COIN
12/20/2022,34.75,36.86000061,34.34999847,34.97000122,9833200,COIN
12/21/2022,35.31000137,36.09999847,34.79999924,35.15000153,6998600,COIN
12/22/2022,34.93000031,35.34999847,32.95000076,34.59000015,10335700,COIN
12/23/2022,34.77000046,35.97999954,33.66999817,35.49000168,8222700,COIN
12/27/2022,34.5,34.56000137,32.43999863,32.65000153,10940800,COIN
12/28/2022,32.58000183,33.47999954,31.82999992,32.52999878,7839700,COIN
12/29/2022,33.45999908,35.33000183,33.36999893,34.77999878,7675500,COIN
12/30/2022,33.95999908,35.86999893,33.63000107,35.38999939,8397900,COIN
1/3/2023,36.49000168,36.93000031,33.36999893,33.59999847,8514300,COIN
1/4/2023,34.59000015,38.5,34.54000092,37.70000076,17737400,COIN
1/5/2023,34.70999908,35.25999832,32.75,33.52999878,16934500,COIN
1/6/2023,33.66999817,33.75,31.54999924,33.25999832,15527800,COIN
1/9/2023,35.18999863,39.38000107,34.72000122,38.27000046,18904100,COIN
1/10/2023,37.75999832,43.29000092,37.74000168,43.22999954,24496700,COIN
1/11/2023,41.95999908,43.84000015,40.63000107,43.79000092,16152700,COIN
1/12/2023,45.15000153,47.65000153,41.66999817,47.54999924,20514700,COIN
1/13/2023,46.24000168,50.63000107,45.38000107,49.97999954,22437800,COIN
1/17/2023,53.31000137,54.97999954,50.70000076,54.13999939,23521200,COIN
1/18/2023,54.22000122,57.33000183,50,50.20999908,24905700,COIN
1/19/2023,49.20999908,51,47.91999817,49.41999817,14073300,COIN
1/20/2023,50.38000107,55.18999863,48.79999924,55.15999985,15433900,COIN
1/23/2023,55,56.68999863,53.20999908,55.95999908,17736400,COIN
1/24/2023,54.20000076,56.47000122,53.34000015,53.56000137,12413900,COIN
1/25/2023,51.5,53.40999985,49.59999847,52.75999832,13343600,COIN
1/26/2023,56.06000137,56.09999847,51.97000122,53.02000046,12614900,COIN
1/27/2023,52.93999863,62.29000092,52.40999985,61.36999893,24431000,COIN
1/30/2023,60.00999832,61.86000061,55.66999817,56.15999985,14553900,COIN
1/31/2023,57.70000076,60.43999863,55.90999985,58.47999954,14751600,COIN
2/1/2023,59.08000183,66.22000122,56.65000153,65.69999695,18840800,COIN
2/2/2023,68.45999908,85.54000092,68.30999756,81.45999908,43911200,COIN
2/3/2023,73.72000122,87.62999725,73.01999664,74.62999725,37125500,COIN
2/6/2023,73.18000031,75.98000336,70.51999664,74.58999634,17998400,COIN
2/7/2023,73.43000031,73.48000336,67.30000305,71.41999817,19819700,COIN
2/8/2023,70.83000183,73.97000122,68.30000305,69.44000244,11626500,COIN
2/9/2023,68.48999786,68.93000031,59,59.63000107,23920200,COIN
2/10/2023,58.25999832,61.74000168,55.97000122,57.09000015,17359900,COIN
2/13/2023,55.52000046,57.09000015,53.65999985,56.40000153,14435900,COIN
2/14/2023,56.33000183,61.08000183,55.02999878,59.02999878,23945800,COIN
2/15/2023,60.20999908,69.45999908,59.45999908,69.33999634,25552900,COIN
2/16/2023,65.90000153,73.30000305,63.90999985,65.58999634,31704800,COIN
2/17/2023,64.94000244,67.90000153,61.50999832,65.19999695,23252200,COIN
2/21/2023,63.31999969,66.87000275,61.84999847,62.06999969,19845700,COIN
2/22/2023,62.5,67.48000336,57.34999847,61.18000031,32937500,COIN
2/23/2023,63.95999908,64.65000153,59.88999939,62.36000061,16698500,COIN
2/24/2023,60.88000107,61.59000015,56.79999924,58.43999863,14546200,COIN
2/27/2023,59.93999863,60.97000122,58.16999817,58.95999908,13043000,COIN
2/28/2023,59.68000031,67.5,59.41999817,64.83000183,24843900,COIN
3/1/2023,65.30000305,66.79000092,63.09000015,64.66999817,15827100,COIN
3/2/2023,61.06999969,63.90000153,57.5,63.70000076,18091700,COIN
3/3/2023,61.63999939,65.55999756,61.38000107,64.51000214,17579000,COIN
3/6/2023,64.59999847,69.81999969,62.63999939,62.77000046,19826100,COIN
3/7/2023,62.79999924,64.66000366,60.59000015,61.88999939,15821500,COIN
3/8/2023,61.20000076,65.45999908,60.34999847,63.00999832,15427800,COIN
3/9/2023,62.38999939,64.12000275,57.20999908,58.09000015,20996600,COIN
3/10/2023,56.38999939,56.40999985,51.56999969,53.43999863,25743800,COIN
3/13/2023,54.70999908,61.09999847,50.77000046,59.16999817,31431900,COIN
3/14/2023,65.44999695,66.20999908,61.09999847,62.65000153,25167800,COIN
3/15/2023,61.90000153,66.29000092,61.18000031,64.47000122,20825700,COIN
3/16/2023,64.40000153,68.62000275,63.11999893,67.77999878,15474500,COIN
3/17/2023,70.51999664,76.80000305,69.09999847,74.98000336,31006200,COIN
3/20/2023,76.76000214,77.05999756,72.87000275,75.13999939,19026400,COIN
3/21/2023,76.23999786,85.05000305,75.76999664,83.98999786,22991900,COIN
3/22/2023,84.25,85.37999725,76.86000061,77.13999939,24463200,COIN
3/23/2023,61.84999847,70,61.50999832,66.30000305,43152800,COIN
3/24/2023,64.18000031,68.73000336,63.52999878,67.83000183,21614100,COIN
3/27/2023,67.19999695,67.59999847,60.50999832,62.54000092,23531300,COIN
3/28/2023,62.31999969,64.05000305,61.11000061,63.04000092,11635900,COIN
3/29/2023,65.41999817,68.62999725,63.77000046,65.30000305,17673800,COIN
3/30/2023,66.52999878,67.16999817,63.68000031,64.16000366,11563100,COIN
3/31/2023,64.69999695,68.56999969,63.93000031,67.56999969,15926600,COIN
4/3/2023,66.01000214,68.33000183,62.70000076,63.61000061,14040300,COIN
4/4/2023,64.66000366,65.40000153,60.95000076,62.54000092,11654400,COIN
4/5/2023,62.54000092,63.04999924,59.22000122,60.77999878,10788900,COIN
4/6/2023,59.56999969,62.74000168,58.20000076,61.43999863,11875200,COIN
4/10/2023,61.36999893,66.19000244,59.65999985,66.12999725,14391800,COIN
4/11/2023,68.08999634,72.61000061,67.23999786,70.19000244,25348800,COIN
4/12/2023,70.76999664,72.01999664,66.23000336,67.83999634,16773400,COIN
4/13/2023,69.88999939,72.52999878,68.05000305,68.94999695,19718500,COIN
4/14/2023,69.30000305,71.69999695,67.87000275,69.91000366,12887200,COIN
4/17/2023,67.12000275,68.05000305,64.90000153,67.72000122,13344200,COIN
4/18/2023,70.38999939,71.79000092,66.55000305,67.26000214,14835500,COIN
4/19/2023,64.36000061,65.94000244,63.40000153,64.44000244,10327000,COIN
4/20/2023,63.22999954,65.33000183,60.16999817,60.5,11452900,COIN
4/21/2023,61.08000183,61.45000076,58.70999908,59.04000092,13235100,COIN
4/24/2023,58.95999908,59.09000015,54.08000183,54.75,21135700,COIN
4/25/2023,55.70999908,56.09000015,53.61999893,55.54999924,14383300,COIN
4/26/2023,59.50999832,59.50999832,53.59999847,53.88999939,16761200,COIN
4/27/2023,54.66999817,55.72000122,53.58000183,54.16999817,12010900,COIN
4/28/2023,53.65000153,54.52000046,52.16999817,53.79000092,11629800,COIN
5/1/2023,53.16999817,54.38000107,48.45000076,50.13999939,18437900,COIN
5/2/2023,50.20000076,52.13999939,48.25999832,51.31999969,16778400,COIN
5/3/2023,50.15000153,51.59999847,48.31000137,48.49000168,13325600,COIN
5/4/2023,48.72000122,50.47000122,47.65000153,49.22000122,13044400,COIN
5/5/2023,54.04999924,58.58000183,53.75,58.24000168,25551700,COIN
5/8/2023,55.90000153,58.79999924,54.61000061,58.09999847,15259400,COIN
5/9/2023,57.90000153,60.24000168,56.59000015,60.20999908,9641200,COIN
5/10/2023,61.45000076,63.75,59.88999939,62.63999939,15481300,COIN
5/11/2023,62.40999985,63.11000061,59.77000046,60.34999847,8843500,COIN
5/12/2023,60.88999939,61.13000107,56.77000046,57.34000015,9096200,COIN
5/15/2023,58.40000153,61.29999924,57.20000076,60.77000046,9429300,COIN
5/16/2023,58.68000031,60.11000061,57.13999939,57.88000107,7867900,COIN
5/17/2023,57.49000168,61.31000137,57.29999924,61.04000092,8998400,COIN
5/18/2023,60.47000122,61.70000076,58.59999847,60.25999832,8330300,COIN
5/19/2023,60.56999969,61.47000122,56.59000015,56.77999878,12474800,COIN
5/22/2023,56.88999939,61.09999847,55.90000153,61.06999969,12683400,COIN
5/23/2023,61,63.25,58.66999817,59.09999847,12208200,COIN
5/24/2023,57.77999878,58.97000122,56.59999847,58.36000061,8198300,COIN
5/25/2023,58.56000137,59.13999939,55.88000107,56.86999893,7997400,COIN
5/26/2023,56.86000061,58.90999985,56.63000107,56.91999817,7788100,COIN
5/30/2023,60.09999847,63.38000107,59.22999954,61.16999817,14814200,COIN
5/31/2023,59.29999924,62.59000015,59.20999908,62.20000076,10112600,COIN
6/1/2023,61.79999924,66.36000061,60.66999817,63.56999969,11729000,COIN
6/2/2023,65.11000061,65.22000122,62,64.55000305,8599200,COIN
6/5/2023,63.38000107,64.44000244,55.81000137,58.70999908,26413200,COIN
6/6/2023,47.09999847,52.38000107,46.43000031,51.61000061,56259900,COIN
6/7/2023,53.29000092,54,51.70000076,53.25999832,18905500,COIN
6/8/2023,52.20999908,55.04999924,51.95999908,54.90000153,12773600,COIN
6/9/2023,55,57.41999817,52.47999954,53.27999878,14365000,COIN
6/12/2023,52.52999878,52.93000031,50.09999847,50.56000137,12447200,COIN
6/13/2023,51.79999924,52.65999985,50.52000046,52.40000153,11560800,COIN
6/14/2023,52.81000137,54.79000092,51.56000137,53.90000153,11241200,COIN
6/15/2023,52.70999908,54.58000183,50.93000031,54.25,11801700,COIN
6/16/2023,55.40999985,56.27999878,53.90000153,55.59000015,13726100,COIN
6/20/2023,55.90000153,57.93999863,53.63000107,57.09000015,14143500,COIN
6/21/2023,58.90000153,59.24000168,56.81999969,58.09999847,20569700,COIN
6/22/2023,58.97999954,59.27999878,55.09999847,57.49000168,12837400,COIN
6/23/2023,56.84999847,61.88999939,55.75,61.47000122,26042300,COIN
6/26/2023,61.09999847,66.16000366,61,61.93999863,20724100,COIN
6/27/2023,63.79999924,70.37000275,62.84000015,69.88999939,25447400,COIN
6/28/2023,69,74.30999756,69,70.75,23086200,COIN
6/29/2023,72.02999878,74.18000031,70.83000183,72.43000031,14730500,COIN
6/30/2023,73.80000305,74.97000122,68.15000153,71.55000305,24558900,COIN
7/3/2023,73.19999695,80.84999847,73.01000214,79.93000031,19891700,COIN
7/5/2023,76.90000153,79.93000031,76.16000366,78.34999847,14670000,COIN
7/6/2023,78.05000305,78.45999908,74.51999664,78.09999847,11110400,COIN
7/7/2023,78.15000153,81.19000244,77.62000275,78.72000122,13254500,COIN
7/10/2023,79.08000183,81.37000275,76.55000305,81.20999908,10739700,COIN
7/11/2023,80.48999786,92.15000153,80.48999786,89.15000153,35672100,COIN
7/12/2023,89,89.06999969,84.44999695,85.94999695,16752300,COIN
7/13/2023,85.34999847,109.2099991,83.41999817,107,65424400,COIN
7/14/2023,106.6800003,114.4300003,101.2200012,105.3099976,42087400,COIN
7/17/2023,104.5699997,109.4800034,103.5,105.5500031,19191400,COIN
7/18/2023,104.5,109.8499985,101.9000015,104.5899963,17582100,COIN
7/19/2023,107.3099976,111.0599976,105.0800018,110.1500015,15920800,COIN
7/20/2023,109.2600021,111.8799973,100.3700027,101.2600021,15274600,COIN
7/21/2023,102.5699997,104.3300018,98.70999908,100.8199997,10464800,COIN
7/24/2023,99.23000336,100.3899994,95.69999695,98.84999847,9755700,COIN
7/25/2023,99.33999634,102.5899963,97.62999725,97.68000031,7726000,COIN
7/26/2023,97.37000275,101.3199997,97.27999878,99.75,6575800,COIN
7/27/2023,102.5899963,102.7300034,91.80000305,92.69000244,12232300,COIN
7/28/2023,94.80000305,96.91999817,93.55000305,94.76000214,7228000,COIN
7/31/2023,94.75,100.1999969,94.58999634,98.61000061,8493000,COIN
8/1/2023,95.87999725,95.94999695,89.23000336,94.15000153,11543600,COIN
8/2/2023,91.44999695,95.41000366,88.05000305,90.43000031,10666200,COIN
8/3/2023,89,93.44000244,88.45999908,90.75,10297200,COIN
8/4/2023,89,94.29000092,86.69999695,87.30999756,13187100,COIN
8/7/2023,87.19999695,87.30000305,82.08999634,85.95999908,10019500,COIN
8/8/2023,87.08999634,88.98999786,84.55000305,88.04000092,8986900,COIN
8/9/2023,88.52999878,88.90000153,84.08000183,84.33999634,7987100,COIN
8/10/2023,85,88.48999786,82.51000214,83.38999939,7697600,COIN
8/11/2023,82.05999756,83.48000336,80.47000122,81.01000214,5760100,COIN
8/14/2023,80.04000092,81.98999786,78.91000366,80.80999756,5753500,COIN
8/15/2023,81.15000153,83.09999847,79.11000061,79.18000031,7397300,COIN
8/16/2023,82.51000214,82.84999847,77.80000305,79,10140200,COIN
8/17/2023,78.37999725,79.18000031,75.40000153,75.55999756,9261600,COIN
8/18/2023,72.33999634,75.25,72.25,73.19000244,9928200,COIN
8/21/2023,73.25,76.02999878,72.09999847,75.27999878,7514900,COIN
8/22/2023,76.69000244,77.45999908,74.01999664,74.90000153,6336000,COIN
8/23/2023,74.34999847,78.16999817,74.06999969,77.77999878,6460900,COIN
8/24/2023,77.76000214,78.04000092,73.37999725,73.66000366,5585700,COIN
8/25/2023,74.31999969,75.58999634,72.41000366,74.26000214,5136800,COIN
8/28/2023,74.56999969,74.70999908,73.05000305,73.70999908,4043800,COIN
8/29/2023,73.5,86.26000214,73.16999817,84.69999695,24067300,COIN
8/30/2023,83.55999756,86.5,82.56999969,83.83000183,9448000,COIN
8/31/2023,84.43000031,84.56999969,78.90000153,79.59999847,8466400,COIN
9/1/2023,80,80.34999847,77.15000153,77.98999786,6662800,COIN
9/5/2023,78,79.29000092,76.27999878,77.5,4949000,COIN
9/6/2023,77.37999725,79.97000122,76.75,78.04000092,6636200,COIN
9/7/2023,76.26999664,82.06999969,75.45999908,81.79000092,6424000,COIN
9/8/2023,81.63999939,82.69000244,80.34999847,82.08999634,5680600,COIN
9/11/2023,82,83.19999695,77.79000092,80.62000275,7220700,COIN
9/12/2023,82.01999664,86.36000061,80.54000092,81.31999969,10519300,COIN
9/13/2023,81.88999939,83.15000153,79.62000275,79.86000061,5925700,COIN
9/14/2023,81.66999817,84.09999847,81.26000214,83.44999695,7145100,COIN
9/15/2023,82.73999786,83.31999969,79.94999695,82.15000153,6254500,COIN
9/18/2023,83.80000305,84.34999847,81.22000122,81.61000061,6246700,COIN
9/19/2023,82.15000153,82.40000153,77.76999664,78.12999725,7567400,COIN
9/20/2023,78.62000275,80.58999634,76.55999756,76.66999817,5459200,COIN
9/21/2023,74.37999725,75.19000244,72.86000061,74.41999817,6534800,COIN
9/22/2023,75.48999786,75.94999695,70.80999756,70.95999908,6321600,COIN
9/25/2023,69.91000366,72.36000061,69.62999725,71.75,5057500,COIN
9/26/2023,71.73999786,73.08999634,69.70999908,70.51999664,5168200,COIN
9/27/2023,72.72000122,73.48000336,69.94999695,71.51999664,5324600,COIN
9/28/2023,72.58999634,77.12999725,71.51000214,75.16000366,8252400,COIN
9/29/2023,76.75,77.5,74.56999969,75.08000183,5736100,COIN
10/2/2023,78.55000305,79.94999695,74.40000153,75.30999756,9709300,COIN
10/3/2023,74.33999634,75.65000153,71.75,72.48000336,5815500,COIN
10/4/2023,73.19999695,74.11000061,70.41000366,73.47000122,7613700,COIN
10/5/2023,73.52999878,75.48000336,72.09999847,74.62000275,6229300,COIN
10/6/2023,72.47000122,78.94999695,72.31999969,78.45999908,7923900,COIN
10/9/2023,76.54000092,80.05999756,76.5,79.09999847,5631300,COIN
10/10/2023,79,82.06999969,77.97000122,79.62000275,5645100,COIN
10/11/2023,79.26999664,80.48999786,75.59999847,77.34999847,6474100,COIN
10/12/2023,77.04000092,77.18000031,74.44999695,75.19000244,5338600,COIN
10/13/2023,75,75.19000244,72.09999847,73.43000031,6148400,COIN
10/16/2023,77.61000061,79.30000305,73.36000061,75.20999908,12608600,COIN
10/17/2023,74.80000305,79.12000275,74.5,77.45999908,7459500,COIN
10/18/2023,76.87999725,78.37999725,73.77999878,73.93000031,5123400,COIN
10/19/2023,74.27999878,76.16999817,72.72000122,73.09999847,5391200,COIN
10/20/2023,74.63999939,76.76000214,73.5,74.66000366,8414400,COIN
10/23/2023,75.5,80.73000336,72.41999817,77.20999908,13635700,COIN
10/24/2023,83.29000092,89.40000153,80.88999939,82.06999969,23689500,COIN
10/25/2023,83.51000214,84.08999634,77.40000153,77.79000092,13773200,COIN
10/26/2023,77.19999695,79.16000366,73.15000153,74.61000061,8294500,COIN
10/27/2023,76.44999695,76.5,70.41999817,70.77999878,9010600,COIN
10/30/2023,72.05000305,74.08000183,71.87999725,73.59999847,6454600,COIN
10/31/2023,73.59999847,77.47000122,73.55999756,77.12000275,6334600,COIN
11/1/2023,77.41999817,79.41000366,75.87000275,77.80999756,6878600,COIN
11/2/2023,81.70999908,84.80000305,80.80999756,84.59999847,12596200,COIN
11/3/2023,83.79000092,88.33999634,82.05000305,85.80000305,12166900,COIN
11/6/2023,86.81999969,89.26999664,84.08999634,86.37000275,9881900,COIN
11/7/2023,86.19999695,89.48999786,84.30000305,89.06999969,6762300,COIN
11/8/2023,88.80000305,89.15000153,84.69000244,88.31999969,7286000,COIN
11/9/2023,92.90000153,99.81999969,91.37000275,92.86000061,20941400,COIN
11/10/2023,94.40000153,96.22000122,91.80000305,92.91999817,9827900,COIN
11/13/2023,91.77999878,93.26999664,88.62000275,92.63999939,8860400,COIN
11/14/2023,94.91000366,95.31999969,89.79000092,92.08999634,10137700,COIN
11/15/2023,93.91999817,100.1500015,93.06999969,98.15000153,11968900,COIN
11/16/2023,97.68000031,97.88999939,94.44999695,96.91999817,7073800,COIN
11/17/2023,97,99.43000031,94.90000153,99.05000305,7361800,COIN
11/20/2023,100.7099991,106.4599991,100.0100021,106.0999985,10962900,COIN
11/21/2023,104,106.0599976,101.3399963,105.4899979,9348200,COIN
11/22/2023,106.1699982,109.9899979,103.3600006,109.25,10340100,COIN
11/24/2023,108.4499969,116.9400024,107.9800034,115.5400009,11654600,COIN
11/27/2023,112.5800018,121.4599991,112.1800003,119.7699966,14205900,COIN
11/28/2023,122.0500031,129.2599945,119.6999969,128.2700043,17639100,COIN
11/29/2023,127.8199997,131.4199982,126.3000031,127.8199997,13908800,COIN
11/30/2023,126.0599976,127.1399994,118.4000015,124.7200012,14074000,COIN
12/1/2023,126.3899994,134.3300018,125.8799973,133.7599945,13668300,COIN
12/4/2023,143.5299988,146.3000031,137.6000061,141.0899963,21561900,COIN
12/5/2023,140,147.8600006,139.1799927,140.1999969,18303400,COIN
12/6/2023,142.5,143.4400024,134.1199951,134.6300049,12584400,COIN
12/7/2023,131.0200043,138.4799957,130.1699982,136.1900024,9795700,COIN
12/8/2023,136.1900024,146.7400055,135.8500061,146.6199951,11969900,COIN
12/11/2023,141.5,142.8699951,135.9900055,138.0200043,12160400,COIN
12/12/2023,139.8899994,141.75,135.9900055,139.6199951,8303500,COIN
12/13/2023,139.6199951,150.6499939,137.1499939,150.4600067,12514900,COIN
12/14/2023,152.1000061,154.7400055,149.1000061,153.6300049,12095100,COIN
12/15/2023,151.8099976,151.9199982,146.8399963,147.8999939,11258600,COIN
12/18/2023,144.8099976,155.0099945,144,153.4299927,9959900,COIN
12/19/2023,155.5,162.0899963,153.6100006,161.1600037,13906800,COIN
12/20/2023,164.7299957,169.4799957,160.0700073,161.8600006,16021900,COIN
12/21/2023,166.7100067,170.1699982,163.1000061,168.0299988,12081500,COIN
12/22/2023,169.7700043,178.6999969,167.8999939,175.4799957,15788000,COIN
12/26/2023,174.8000031,178.1199951,169.0500031,172.0500031,12544800,COIN
12/27/2023,176.3200073,186.9700012,175.5,185.2400055,15569900,COIN
12/28/2023,179.3099976,187.3899994,177.75,186.3600006,17276300,COIN
12/29/2023,186.0599976,187.25,171,173.9199982,19671200,COIN
1/2/2024,173.0200043,175.5700073,155.3500061,156.8800049,26549400,COIN
1/3/2024,146,156.25,144.1100006,152.2400055,18573800,COIN
1/4/2024,152.5,161.2799988,148.8099976,155.6000061,14874300,COIN
1/5/2024,152.6699982,157.6900024,151.0899963,153.9799957,10848900,COIN
1/8/2024,157.8000031,161.3800049,146.5099945,159.4199982,18125700,COIN
1/9/2024,159.6000061,159.9900055,151.3200073,151.9900055,12959700,COIN
1/10/2024,149.2100067,153.4700012,143.1499939,151.2899933,18718200,COIN
1/11/2024,159.1900024,161.0399933,140.0099945,141.1600037,31754200,COIN
1/12/2024,137.1900024,141.0700073,130.3699951,130.7799988,20314600,COIN
1/16/2024,129.4400024,136.3999939,126.8799973,133.8800049,14789700,COIN
1/17/2024,130.5099945,134.2599945,129.4100037,133.8600006,8133100,COIN
1/18/2024,133.25,137.3099976,123.9300003,124.3399963,14519500,COIN
1/19/2024,124.3399963,124.8199997,118.0199966,124.75,16659700,COIN
1/22/2024,124.0500031,131.7799988,122.5,128.2100067,12042600,COIN
1/23/2024,122.4100037,126.1500015,120.3300018,124.1900024,9737100,COIN
1/24/2024,127.2799988,127.9700012,120.7900009,121.3399963,9118900,COIN
1/25/2024,122.3799973,124.2600021,118.9199982,121.0100021,8166400,COIN
1/26/2024,127.5199966,128.1000061,121.4599991,125.1999969,13956300,COIN
1/29/2024,127.0899963,136.8899994,125.8000031,132.8200073,17813700,COIN
1/30/2024,136.0500031,136.6999969,130.4400024,130.8200073,8745700,COIN
1/31/2024,129.0899963,135.5500031,127.5699997,128.1999969,9838800,COIN
2/1/2024,128.75,132.0700073,124.2399979,128.9499969,8464300,COIN
2/2/2024,126.9000015,130.1300049,125.5500031,129.2200012,6086000,COIN
2/5/2024,128.6999969,128.8899994,115.8000031,117.3000031,13067300,COIN
2/6/2024,118.6100006,120.9000015,115.9000015,119.7900009,6740600,COIN
2/7/2024,119.6800003,124.4000015,114.5100021,122.0699997,8985100,COIN
2/8/2024,127.2200012,133.0500031,125.8099976,132.5500031,11315900,COIN
2/9/2024,142.1600037,144.5500031,137.1699982,141.9900055,15985100,COIN
2/12/2024,141.1000061,150.3500061,140.9900055,147.3099976,10977100,COIN
2/13/2024,138.3899994,143.75,137.1300049,140.3899994,9568800,COIN
2/14/2024,151.8300018,161.1300049,150.3999939,160.3800049,18041800,COIN
2/15/2024,168.7899933,172.8200073,162.0800018,165.6699982,22992800,COIN
2/16/2024,189.0500031,193.6399994,178.8000031,180.3099976,33172400,COIN
2/20/2024,179.8699951,181.3099976,163.3899994,173.3000031,16196500,COIN
2/21/2024,164.25,168.0899963,161.1900024,162.4100037,10689600,COIN
2/22/2024,164.8500061,171.9900055,163.8000031,170.9100037,9027300,COIN
2/23/2024,167.3800049,170,160.6600037,165.9799957,7191200,COIN
2/26/2024,168.6600037,196.9499969,168.3999939,193.9400024,22593700,COIN
2/27/2024,205.1799927,209.9400024,192.0899963,199.2200012,22679100,COIN
2/28/2024,209.4100037,212.2200012,197.6600037,200.8000031,25397100,COIN
2/29/2024,206.4600067,211.3099976,193.8800049,203.5599976,16237800,COIN
3/1/2024,202.6999969,206.3899994,196.0099945,205.7700043,9251200,COIN
3/4/2024,217.3899994,236.4600067,212.25,229.1499939,23294900,COIN
3/5/2024,230,239.9799957,215.3999939,216.7700043,23863300,COIN
3/6/2024,229.1999969,239.8999939,223.0299988,238.5500031,17936700,COIN
3/7/2024,240,242.8699951,235.5,242.6199951,10553700,COIN
3/8/2024,246,270.5499878,244.8999939,256.6199951,21838300,COIN
3/11/2024,270.0799866,271.6499939,253.9600067,254.1699982,20296400,COIN
3/12/2024,257.8299866,260.7900085,242.0899963,256.1400146,14666200,COIN
3/13/2024,253.3600006,269.3900146,250.5299988,251.7299957,17329800,COIN
3/14/2024,245,248.2700043,227.2400055,233.6699982,18789300,COIN
3/15/2024,225.0599976,244.6499939,222.8300018,242.3600006,17219000,COIN
3/18/2024,238.6100006,244.0500031,230.2100067,239.6199951,9734500,COIN
3/19/2024,223.2400055,233.2899933,216.1600037,230.1199951,12928500,COIN
3/20/2024,231.3800049,256.9599915,228.8000031,256.8800049,13834300,COIN
3/21/2024,260.2399902,276.3800049,256.269989,262,16199900,COIN
3/22/2024,254.2400055,260.7200012,249.5500031,255.5099945,9806500,COIN
3/25/2024,261,283.480011,260.25,279.7099915,13941700,COIN
3/26/2024,280.1199951,280.8299866,266.6900024,266.8099976,10316200,COIN
3/27/2024,276.2200012,276.6099854,253.9499969,256.7000122,11092600,COIN
3/28/2024,260.2099915,270.7900085,257.9100037,265.1199951,11201600,COIN
4/1/2024,261.8699951,268.8099976,249.2200012,252.1100006,10010700,COIN
4/2/2024,238.1000061,248.1300049,235.9900055,245.8399963,8817600,COIN
4/3/2024,244.0399933,256,243,251.5800018,6670200,COIN
4/4/2024,260.1499939,261.5,249.4600067,249.6100006,8098300,COIN
4/5/2024,244.9100037,253.9600067,240.1999969,240.8999939,8423700,COIN
4/8/2024,252.8600006,261.6300049,249.6799927,256.9899902,10042200,COIN
4/9/2024,253.2299957,254.5500031,241.1000061,242.9499969,7824700,COIN
4/10/2024,238.2400055,251.2700043,234.1199951,250.9900055,8416000,COIN
4/11/2024,250.9900055,264.2999878,247.3099976,263.0100098,8655100,COIN
4/12/2024,259.4200134,259.9700012,244.3099976,245.75,8951800,COIN
4/15/2024,247.9400024,249.7400055,222.1399994,223.4100037,11239800,COIN
4/16/2024,223,223,205.6699982,218.8300018,16472100,COIN
4/17/2024,222.0399933,224.8699951,205.8999939,213.7799988,9440200,COIN
4/18/2024,215.5700073,228.0500031,213.25,218.0800018,9403900,COIN
4/19/2024,223.8300018,227.7599945,210.1799927,211.0099945,9269900,COIN
4/22/2024,216.7899933,227.1399994,215.0299988,225.8600006,8207000,COIN
4/23/2024,223.6199951,238.6699982,223.6100006,236.4299927,7338400,COIN
4/24/2024,236.8300018,239,223.8699951,224.3699951,6737400,COIN
4/25/2024,216.0500031,225.9400024,213.6399994,223.6100006,5143500,COIN
4/26/2024,220.7700043,237.0200043,218.6600037,236.3200073,6044900,COIN
4/29/2024,229.9400024,230.3200073,216.5399933,218.1600037,9576100,COIN
4/30/2024,214.3500061,216.5700073,202.5899963,203.9299927,9127900,COIN
5/1/2024,199,218.5200043,198.1999969,210.0899963,10191500,COIN
5/2/2024,216.4799957,232.7100067,210.7599945,228.8500061,12454200,COIN
5/3/2024,230.8999939,232.25,216.5500031,223.25,13739100,COIN
5/6/2024,225.8399963,235.8000031,224.8999939,226.9299927,9690600,COIN
5/7/2024,226.9400024,230.8200073,214.1199951,214.3399963,8169600,COIN
5/8/2024,209.5,214.8999939,206.5299988,211.1999969,4615400,COIN
5/9/2024,210.2200012,213.8500061,205.1100006,210.4499969,4649700,COIN
5/10/2024,214.5,214.8699951,200.5,200.9199982,7423500,COIN
5/13/2024,204,206.6699982,197.6399994,199.5099945,7542200,COIN
5/14/2024,195.9600067,206.9700012,194.9299927,203.0500031,5356000,COIN
5/15/2024,212.2100067,221.3999939,207.6999969,219.9100037,9339300,COIN
5/16/2024,215,216.4499969,198.6399994,199.1699982,12185500,COIN
5/17/2024,205.6600037,210.6699982,199.8300018,207.6000061,8688600,COIN
5/20/2024,207.9600067,226.2599945,203.7200012,225.1900024,11223300,COIN
5/21/2024,231.9700012,233.6499939,220.1199951,225.7799988,10704500,COIN
5/22/2024,225.0099945,238.7700043,221.2100067,231.5099945,8933700,COIN
5/23/2024,233.8099976,234.3200073,217.6600037,218.8600006,9428300,COIN
5/24/2024,221,237.7899933,220.0500031,237.6499939,10229200,COIN
5/28/2024,235.4499969,247.1300049,231.0500031,245,10843100,COIN
5/29/2024,239.0200043,240.4900055,233.1799927,236.6499939,6802000,COIN
5/30/2024,241.1000061,248.8600006,233.3800049,234.7599945,9349200,COIN
5/31/2024,239.2799988,240.4100037,219.1699982,225.9199982,10123100,COIN
6/3/2024,232.5,239.1999969,224.6900024,231.3899994,7333100,COIN
6/4/2024,230.2299957,247.1999969,230.1600037,244.1999969,10854300,COIN
6/5/2024,246.8600006,251.8899994,240.6999969,251.3999939,9383500,COIN
6/6/2024,250,263.7999878,248.75,257.0799866,9494600,COIN
6/7/2024,256.1900024,263.1799927,243.8600006,244.1600037,9315300,COIN
6/10/2024,241.1100006,253.4299927,239.5299988,249.8099976,6344800,COIN
6/11/2024,242.9299927,245.6600037,234.0899963,244.1999969,8991300,COIN
6/12/2024,251.8000031,263.2600098,250.5800018,254.9600067,11134700,COIN
6/13/2024,253.7700043,257.1300049,243.2599945,247.6399994,8666200,COIN
6/14/2024,246.1600037,250.25,237.0599976,244.5,7146500,COIN
6/17/2024,239.8699951,248.6399994,234.2299957,245.1000061,6662900,COIN
6/18/2024,238.25,242.8000031,234.6000061,235.9499969,6198900,COIN
6/20/2024,237.3600006,240.4900055,228.4400024,235.0299988,6888900,COIN
6/21/2024,227,228.25,220.7100067,225.8600006,11385800,COIN
6/24/2024,217.2200012,221.4400024,207.7100067,212.3099976,10762000,COIN
6/25/2024,217,222.8800049,213.2200012,221.7100067,8067100,COIN
6/26/2024,220,223.7299957,212.4600067,214.5800018,6574900,COIN
6/27/2024,217.6000061,225.7599945,216.3200073,224,5641200,COIN
6/28/2024,223.9499969,225.5299988,218.8000031,222.2299957,10944900,COIN
7/1/2024,226,236.0399933,224.0399933,233.3699951,7739800,COIN
7/2/2024,231.3399963,234.9700012,226.3200073,227.5099945,4407000,COIN
7/3/2024,223.8099976,227.1100006,222.2200012,224.9400024,3241700,COIN
7/5/2024,213.4799957,225.1300049,209.4499969,223.6799927,10148500,COIN
7/8/2024,226.5099945,226.5099945,217.75,220.5599976,5615200,COIN
7/9/2024,223.5500031,225.6399994,218.6799927,219.9700012,5344900,COIN
7/10/2024,221.6399994,223.3300018,215.1399994,219.5599976,4481900,COIN
7/11/2024,224.3699951,227.1499939,213.5700073,214.6300049,7037900,COIN
7/12/2024,215.3399963,222.1499939,214.5700073,218.0200043,4949000,COIN
7/15/2024,229.3800049,247.5,228,242.8500061,14439500,COIN
7/16/2024,243.1900024,252.1199951,234.1999969,251.4900055,10270700,COIN
7/17/2024,245.8999939,255.8999939,241.3099976,249.1000061,8883300,COIN
7/18/2024,251.2100067,253.8699951,230.5700073,233.2400055,8848500,COIN
7/19/2024,235.1000061,259.7999878,233.5,257.7900085,12501900,COIN
7/22/2024,260.4700012,266,252.8399963,265.1499939,11282200,COIN
7/23/2024,263.6000061,272.5499878,257.2900085,257.6300049,9275600,COIN
7/24/2024,261,265,243.75,245.0599976,8141100,COIN
7/25/2024,239.2599945,241.6399994,226.3000031,231.5200043,8482500,COIN
7/26/2024,243.3399963,249.1600037,237.5599976,242.9299927,7917400,COIN
7/29/2024,251.5500031,255.4199982,234,234.1999969,9467700,COIN
7/30/2024,235.6199951,239,223.0299988,224.4600067,6053900,COIN
7/31/2024,233,234.1100006,224.0399933,224.3600006,4771700,COIN
8/1/2024,226.6000061,227.1000061,207.8200073,212.6399994,8920000,COIN
8/2/2024,213.1199951,219.3000031,199.3800049,204.4400024,10063900,COIN
8/5/2024,162.0099945,197.8800049,161.1300049,189.4700012,18734600,COIN
8/6/2024,191.9900055,197.3999939,182.6999969,194.1699982,7050600,COIN
8/7/2024,196.8000031,199.9499969,177.3899994,178.9100037,8324400,COIN
8/8/2024,185.6699982,194.9799957,182.4600067,192.3200073,7421600,COIN
8/9/2024,191.2899933,199.1000061,189.7799988,196.2899933,5255900,COIN
8/12/2024,194.3000031,197.6900024,188.2899933,191.7400055,5742800,COIN
8/13/2024,193.1300049,201.1000061,191.8699951,197.9400024,4795500,COIN
8/14/2024,200.8999939,201.9700012,192.3999939,195.9600067,5027000,COIN
8/15/2024,198.5200043,205.0700073,196.1999969,197.1199951,6068300,COIN
8/16/2024,199,205.9499969,197.1399994,205.3099976,6240500,COIN
8/19/2024,203.3399963,207.4900055,200.3500061,204.4600067,6304200,COIN
8/20/2024,209.1000061,209.8000031,191.2100067,197.25,12353700,COIN
8/21/2024,197.1600037,207,195.1100006,206.2299957,7502400,COIN
8/22/2024,204.7799988,207.1000061,197.4299927,198.4299927,5284900,COIN
8/23/2024,200.9700012,211.9199982,200,211.3999939,8304200,COIN
8/26/2024,209.3000031,210.8500061,202.6799927,204,5437100,COIN
8/27/2024,201.8399963,202.5,194.1000061,198.3000031,5992900,COIN
8/28/2024,195.0200043,197.4900055,187.7299957,190.1999969,4995700,COIN
8/29/2024,194,196.5,187.6000061,188.2799988,3841800,COIN
8/30/2024,189.2200012,189.9400024,180.0399933,183.3600006,7307200,COIN
9/3/2024,182,182.6999969,168.0700073,169.1300049,9746600,COIN
9/4/2024,166.5,169.0399933,160.6699982,163.2200012,7826400,COIN
9/5/2024,161.6199951,166.3699951,158.1199951,159.6999969,5732700,COIN
9/6/2024,163.2400055,164.1499939,146.1199951,147.3500061,11026600,COIN
9/9/2024,151.2700043,157.3999939,150.0599976,155.0500031,9256700,COIN
9/10/2024,155.0099945,159.1399994,149.5099945,158.4600067,5824800,COIN
9/11/2024,153.5599976,158.8399963,149.9499969,157.1499939,6417400,COIN
9/12/2024,158.6100006,165.4299927,156.1000061,162.8899994,6697200,COIN
9/13/2024,162.2400055,168.9299927,161.5800018,163.0500031,5953600,COIN
9/16/2024,158.5,163.1600037,155.8800049,161.5,4686200,COIN
9/17/2024,164.1399994,167.6699982,160.5,162.4499969,5225200,COIN
9/18/2024,161.5399933,169.1000061,160.8000031,162.6399994,5027400,COIN
9/19/2024,172,175.3899994,167,168.2400055,9299100,COIN
9/20/2024,168.9900055,173.3899994,165.3999939,170.0899963,8152300,COIN
9/23/2024,171.3000031,173.5700073,168.6999969,170.2200012,4933200,COIN
9/24/2024,170.3800049,172.25,163.8099976,171.6799927,6035500,COIN
9/25/2024,170.3000031,173.9400024,166.8800049,167.0800018,5359900,COIN
9/26/2024,170.6100006,181.4900055,170.2599945,179.9299927,12455200,COIN
9/27/2024,183.0700073,192.4499969,179.5,191.2299957,10563400,COIN
9/30/2024,184.1900024,185.4100037,177,178.1699982,11710000,COIN
10/1/2024,178.7200012,178.8999939,160,165.0099945,15210500,COIN
10/2/2024,163.0299988,169.2899933,161.3899994,164.4700012,7881100,COIN
10/3/2024,162.8300018,166.4100037,161.4100037,163.1000061,4298600,COIN
10/4/2024,167.9600067,171.2400055,164,170.9100037,6852400,COIN
10/7/2024,172,176.1499939,166.8899994,168.9199982,6797500,COIN
10/8/2024,166.3600006,170.0500031,165.0200043,167.6900024,5696100,COIN
10/9/2024,167.6900024,172.4900055,165.7799988,166.9700012,5725000,COIN
10/10/2024,166.0500031,167.3099976,161.8699951,164.2700043,5379900,COIN
10/11/2024,165.5399933,179.1799927,165.2200012,176.3800049,10767100,COIN
10/14/2024,181.1900024,197.6900024,178.2700043,196.3500061,18131400,COIN
10/15/2024,195.6799927,204.8999939,188.3099976,196.3399963,17324800,COIN
10/16/2024,203.5299988,212.4199982,197.6000061,210.4799957,13970000,COIN
10/17/2024,209.1999969,209.4499969,201.1300049,204.1999969,8908000,COIN
10/18/2024,208.0500031,220.2599945,207.1399994,220.2100067,13569600,COIN
10/21/2024,215.3999939,216.8600006,208.1300049,213.7200012,12686400,COIN
10/22/2024,209.4499969,215.9499969,207.3000031,210.7200012,7485100,COIN
10/23/2024,206.3000031,209.6999969,194.6000061,198.9299927,10350100,COIN
10/24/2024,206.8699951,210.5500031,200.8000031,209.1600037,9925400,COIN
10/25/2024,208.3000031,213.6699982,203.3999939,205.0399933,9261300,COIN
10/28/2024,213.3500061,218,210.5,216.1000061,10458700,COIN
10/29/2024,220.9100037,223.8999939,216.1100006,219.6600037,11542200,COIN
10/30/2024,213.1000061,220.4600067,209.4700012,211.7400055,9515900,COIN
10/31/2024,203.7299957,206,178.8200073,179.25,18892000,COIN
11/1/2024,180,190.9400024,179.5399933,182.8800049,14443400,COIN
11/4/2024,180.0899963,186.9499969,176.3800049,186.2700043,11348800,COIN
11/5/2024,185.5899963,197.25,185.5099945,193.9600067,9950800,COIN
11/6/2024,221.4799957,257.6799927,221.1100006,254.3099976,35456000,COIN
11/7/2024,245.6300049,259.6900024,242.3399963,255.5800018,16655300,COIN
11/8/2024,257.6700134,273.5,257.1499939,270.7399902,17431700,COIN
11/11/2024,300.3099976,334.8599854,296,324.2399902,42437500,COIN
11/12/2024,310.0499878,327,306.1000061,319.1300049,24819600,COIN
11/13/2024,325.0100098,332.3500061,282.6600037,284.7200012,27997400,COIN
11/14/2024,290.8099976,292.5700073,274.2999878,278.8399963,17375300,COIN
11/15/2024,282.5100098,306.4599915,276.019989,305.8500061,18020600,COIN
11/18/2024,301.8299866,329.5899963,288.5,325.4100037,25713700,COIN
11/19/2024,322.0799866,327.2399902,315.5,324.5700073,13447900,COIN
11/20/2024,332.25,341.75,303.7999878,320.0100098,22875200,COIN
11/21/2024,329.9500122,330.5,288.5499878,295.230011,25187400,COIN
11/22/2024,294.8900146,311.3699951,290.7999878,304.6400146,12187200,COIN
11/25/2024,309,317.4599915,291.2000122,312.2200012,14645900,COIN
11/26/2024,298.2600098,309.2000122,289.1300049,293.2900085,13215700,COIN
11/27/2024,302.7799988,314.2900085,295.3599854,310.980011,13290800,COIN
11/29/2024,311.9500122,316.2999878,295.8099976,296.2000122,9550200,COIN
12/2/2024,302.0299988,311.4700012,299.5,302.3999939,11221100,COIN
12/3/2024,296.7799988,314.4299927,296.6499939,309.3500061,10069300,COIN
12/4/2024,312,332,309.1199951,330.9400024,15704000,COIN
